<?xml version="1.0" encoding="UTF-8"?>
<project-private xmlns="http://www.netbeans.org/ns/project-private/1">
    <editor-bookmarks xmlns="http://www.netbeans.org/ns/editor-bookmarks/2" lastBookmarkId="0"/>
    <open-files xmlns="http://www.netbeans.org/ns/projectui-open-files/2">
        <group>
            <file>file:/E:/desarrollo/asistencia/app2/controlers/mMetodos.php</file>
            <file>file:/E:/desarrollo/asistencia/app2/apis/apiHorario.php</file>
            <file>file:/E:/desarrollo/asistencia/app2/controlers/cHorario.php</file>
            <file>file:/E:/desarrollo/asistencia/app2/controlers/cDocente.php</file>
            <file>file:/E:/desarrollo/asistencia/app2/controlers/cUsuario.php</file>
        </group>
    </open-files>
</project-private>
