<?xml version="1.0" encoding="UTF-8"?>
<project-private xmlns="http://www.netbeans.org/ns/project-private/1">
    <editor-bookmarks xmlns="http://www.netbeans.org/ns/editor-bookmarks/2" lastBookmarkId="0"/>
    <open-files xmlns="http://www.netbeans.org/ns/projectui-open-files/2">
        <group>
            <file>file:/D:/desarrollo/asistencia/app2/apis/apiLugar.php</file>
            <file>file:/D:/desarrollo/asistencia/app2/apis/apiDocente.php</file>
            <file>file:/D:/desarrollo/asistencia/app2/apis/apiAsistencia.php</file>
            <file>file:/D:/desarrollo/asistencia/app2/apis/apiActividad.php</file>
            <file>file:/D:/desarrollo/asistencia/app2/controlers/cLugar.php</file>
            <file>file:/D:/desarrollo/asistencia/app2/controlers/cActividad.php</file>
        </group>
    </open-files>
</project-private>
